{"asteroids": [{"mass": 7, "x": 1.388888955116272, "y": 4.166665554046631}], "hiding_zones": [], "bounce_zones": []}