{"asteroids": [{"mass": 10, "x": 25.34722137451172, "y": -3.587961196899414}, {"mass": 10, "x": -15.740738868713379, "y": 2.083334445953369}], "hiding_zones": [], "bounce_zones": [{"x": -7.291666507720947, "y": 1.6203701496124268, "scale_x": -15.625001907348633, "scale_y": -52.54629135131836}, {"x": 35.87963104248047, "y": 50.0, "scale_x": -18.17129898071289, "scale_y": -53.93518829345703}]}