{"asteroids": [], "hiding_zones": [], "bounce_zones": [{"x": 25.69444465637207, "y": 10.300925254821777, "scale_x": -22.56944465637207, "scale_y": -61.68981170654297}, {"x": -6.481483459472656, "y": 49.88425827026367, "scale_x": -21.52777671813965, "scale_y": -54.16666793823242}]}