{"asteroids": [], "hiding_zones": [], "bounce_zones": [{"x": -16.31944465637207, "y": -6.1342597007751465, "scale_x": 35.76388931274414, "scale_y": 25.347225189208984}]}